id,app,epic_id,epic,module,feature,priority,estimate_days,depends_on,acceptance_criteria
NDU-E01-01,NDU,NDU-E01,Onboarding & hồ sơ dị ứng,ProfileFeature,"Luồng onboarding: giới thiệu, màn disclaimer phải bấm ""Tôi hiểu"", xin quyền camera với purpose string cụ thể",MVP,1,CORE-E13-01;CORE-E09-01,"Khi chưa bấm ""Tôi hiểu"" thì không vào được màn quét; khi từ chối quyền camera thì vẫn quét được bằng ảnh nhập"
NDU-E01-02,NDU,NDU-E01,Onboarding & hồ sơ dị ứng,ProfileFeature,Chọn trong 14 chất gây dị ứng Annex II; tên và mô tả ngắn lấy từ từ điển theo ngôn ngữ UI,MVP,0.5,NDU-E04-01,Khi đổi ngôn ngữ UI thì vẫn đủ 14 mục với tên mới; khi mở lần đầu thì không mục nào được chọn sẵn
NDU-E01-03,NDU,NDU-E01,Onboarding & hồ sơ dị ứng,ProfileFeature,"Chế độ ăn: thuần chay, chay, coeliac/không gluten, không dung nạp lactose; mỗi chế độ ánh xạ sang nhóm mục từ điển",MVP,0.5,NDU-E04-01,"Khi chọn ""coeliac"" thì kết quả kiểm tra nhóm ngũ cốc chứa gluten gồm cả dẫn xuất (ví dụ malt, spelt)"
NDU-E01-04,NDU,NDU-E01,Onboarding & hồ sơ dị ứng,ProfileFeature,"Thành phần tùy chỉnh: tên, biến thể, ngôn ngữ; khớp như mục từ điển (có khớp mờ, bắt tiền tố)",MVP,1,NDU-E03-06;NDU-E03-07,"Khi thêm ""kiwi"" thì ""Kiwi"", ""KIWI"" và ""Kiwis"" trên nhãn đều cho trạng thái ""Phát hiện"""
NDU-E01-05,NDU,NDU-E01,Onboarding & hồ sơ dị ứng,ProfileFeature,Mức độ nghiêm trọng và ngôn ngữ đọc nhãn (mặc định bật cả 9),MVP,0.5,NDU-E01-06,Khi đổi mức độ thì trạng thái phát hiện không đổi; khi tắt một ngôn ngữ đọc thì app cảnh báo giảm độ nhạy
NDU-E01-06,NDU,NDU-E01,Onboarding & hồ sơ dị ứng,LensModels,"Mô hình SwiftData `Profile`, `AllergenSelection`, `CustomTerm`; sửa, xóa hồ sơ; xóa toàn bộ dữ liệu",MVP,0.5,CORE-E05-01;CORE-E05-02,"Khi chọn ""Xóa toàn bộ dữ liệu"" thì store và file ảnh trống và app quay về onboarding"
NDU-E01-07,NDU,NDU-E01,Onboarding & hồ sơ dị ứng,ProfileFeature,"Hồ sơ gia đình (tối đa 6), chọn hồ sơ đang quét hoặc ""Cả nhà""",MVP,1,NDU-E01-06;NDU-E08-01,"Khi quét ở chế độ ""Cả nhà"" thì kết quả tách theo từng người; khi chưa có Plus thì tạo hồ sơ thứ 2 sẽ mở paywall"
NDU-E02-01,NDU,NDU-E02,Quét nhãn,LabelCapture,"Màn quét live: dùng wrapper `DataScannerViewController` của CORE, `.text(languages:)` theo ngôn ngữ đọc, vùng quan tâm nằm ngang, chữ hướng dẫn",MVP,1,CORE-E02-02;NDU-E01-05,"Khi `isSupported` hoặc `isAvailable` là false thì màn tự chuyển sang chụp tĩnh, không crash"
NDU-E02-02,NDU,NDU-E02,Quét nhãn,LabelCapture,"Chụp tĩnh dự phòng bằng AVFoundation (chạm để lấy nét, khóa phơi sáng) và nhập ảnh",MVP,1,CORE-E02-03,Khi chụp hoặc chọn ảnh HEIC/JPEG thì ảnh đi vào đúng pipeline phân tích như ảnh chốt từ live
NDU-E02-03,NDU,NDU-E02,Quét nhãn,LabelCapture,"Đèn pin, cảnh báo ảnh tối, nhắc lau camera",MVP,0.5,CORE-E02-04,"Khi ảnh chốt có độ sáng trung bình dưới ngưỡng thì app gợi ý bật đèn và chụp lại; khi điểm smudge vượt ngưỡng thì hiện ""Lau camera"""
NDU-E02-04,NDU,NDU-E02,Quét nhãn,LabelCapture,"Nút ""Chốt kết quả"": `capturePhoto()` → OCR ảnh tĩnh bằng Vision (confidence, ứng viên) → phân tích",MVP,1,CORE-E03-01;CORE-E03-02;NDU-E03-01,"Khi bấm ""Chốt kết quả"" thì kết quả luôn lấy từ ảnh tĩnh, không lấy từ frame live, và ảnh được giữ để vẽ overlay"
NDU-E02-05,NDU,NDU-E02,Quét nhãn,ScanFeature,"Thêm ảnh cho cùng một nhãn (mặt sau, phần bị cong); hợp nhất hit, độ phủ tính thận trọng",MVP,0.5,NDU-E03-09,"Khi thêm ảnh thứ 2 thì hit của cả hai ảnh đều hiện; khi không chứng minh được phần giữa đã đọc thì độ phủ là ""Một phần"""
NDU-E02-06,NDU,NDU-E02,Quét nhãn,IngredientEngine,"Ghép văn bản nhiều ảnh chồng lấn cho danh sách dài hoặc bao bì cong (căn dòng trùng, khử lặp) 🧪",V1.1,3,NDU-E02-05,"Khi quét chai cong bằng 3 ảnh chồng lấn thì văn bản ghép khớp bản chép tay ở ≥ 95% token và độ phủ là ""Đủ"" khi có cả đầu và cuối"
NDU-E02-07,NDU,NDU-E02,Quét nhãn,AllergenLens,"App Shortcut ""Quét nhãn"" và mở từ nút Camera Control ⚠",V1.1,1,CORE-E11-01,"Khi gọi ""Quét nhãn"" từ Shortcuts hoặc Siri thì app mở thẳng màn quét"
NDU-E02-08,NDU,NDU-E02,Quét nhãn,AllergenLens,Tích hợp Visual Intelligence: ảnh nhãn → mở kết quả trong app ⚠,V2,2,CORE-E11-01,Khi dùng Visual Intelligence trên nhãn thì app trả về mục mở màn kết quả của ảnh đó
NDU-E03-01,NDU,NDU-E03,Phân tích thành phần,IngredientEngine,"Adapter OCR → `LabelText`: dòng, khung chuẩn hóa, confidence, top-3 ứng viên, cờ chạm mép, nguồn (live hay ảnh tĩnh)",MVP,1,CORE-E03-01;CORE-E03-02;CORE-E03-03,"Khi OCR ảnh mẫu thì mỗi dòng có khung 0–1, confidence và tối đa 3 ứng viên; dòng chạm mép ảnh có cờ `touchesEdge`"
NDU-E03-02,NDU,NDU-E03,Phân tích thành phần,IngredientEngine,"Tìm khối thành phần theo tiêu đề đa ngôn ngữ (""Ingredients"", ""Zutaten"", ""Ingrédients""…); nhiều khối, nhiều ngôn ngữ trên một nhãn; nhận ra ngôn ngữ chưa hỗ trợ",MVP,1.5,NDU-E04-01,"Khi nhãn có ""Zutaten:"" và ""Ingrédients :"" thì trả về 2 khối gắn đúng ngôn ngữ; khi nhãn chỉ có tiếng Phần Lan thì mọi chất là ""Không chắc chắn"" kèm lý do ""ngôn ngữ chưa hỗ trợ"""
NDU-E03-03,NDU,NDU-E03,Phân tích thành phần,IngredientEngine,Ghép dòng và nối từ bị ngắt dòng; giữ cả hai biến thể khi không chắc,MVP,0.5,NDU-E03-01,"Khi ""Wei-"" cuối dòng và ""zenmehl"" đầu dòng sau thì có token ""Weizenmehl""; khi ""Milch-"" đứng trước ""und Sahne"" thì không nối và ""Milch"" vẫn được khớp"
NDU-E03-04,NDU,NDU-E03,Phân tích thành phần,IngredientEngine,"Tách token: `,` `;` `·`, liên từ, ngoặc tròn/vuông lồng nhau, phần trăm, dạng ""Nhóm: danh sách""",MVP,1,NDU-E03-03,"Khi gặp ""Schokolade 20 % (Zucker, Kakaobutter, Vollmilchpulver (Milch))"" thì cây token có 3 cấp; ngoặc lệch không làm mất token nào"
NDU-E03-05,NDU,NDU-E03,Phân tích thành phần,IngredientEngine,"Chuẩn hóa: NFKC, casefold, gập dấu theo bảng từng ngôn ngữ, `ß`→`ss`, thống nhất dấu nháy và gạch, số E",MVP,0.5,NDU-E03-04,"Khi đầu vào là ""E 322"", ""E-322"" hoặc ""e322"" thì đều thành ""E322""; chạy chuẩn hóa hai lần cho cùng kết quả"
NDU-E03-06,NDU,NDU-E03,Phân tích thành phần,IngredientEngine,"Khớp chính xác nhiều từ bằng Aho-Corasick; luật ranh giới từ và từ ghép cho DE, NL, SV, DA, NB",MVP,2,NDU-E03-05;NDU-E04-01,"Khi nhãn có ""Magermilchpulver"" thì khớp sữa; khi có ""Buchweizen"" thì không khớp lúa mì nhờ mục loại trừ; 100% term trong bộ test đều khớp"
NDU-E03-07,NDU,NDU-E03,Phân tích thành phần,IngredientEngine,"Khớp mờ chịu lỗi OCR: Damerau-Levenshtein có trọng số nhầm lẫn OCR, ngưỡng theo độ dài, xét cả top-3 ứng viên 🧪",MVP,2,NDU-E03-06,"Khi có ""rnilk"" hoặc ""Weizcn"" thì tạo hit loại ""đọc gần đúng""; term ≤ 4 ký tự không bao giờ khớp mờ"
NDU-E03-08,NDU,NDU-E03,Phân tích thành phần,IngredientEngine,"Ngữ cảnh: câu phòng ngừa (""may contain"", ""kann Spuren von … enthalten"", ""peut contenir""), câu ""Contains/Enthält"", free-from và loại trừ có phạm vi",MVP,1.5,NDU-E03-06,"Khi gặp ""Kann Spuren von Haselnüssen enthalten"" thì hạt cây là ""Có thể có""; ""glutenfrei"" không tạo hit gluten nhưng không che hit ""Hafer"" ở chỗ khác"
NDU-E03-09,NDU,NDU-E03,Phân tích thành phần,IngredientEngine,"Ước tính độ phủ: tiêu đề đầu, dấu kết thúc, dòng chạm mép, ngoặc cân bằng, confidence",MVP,1,NDU-E03-02,"Khi ảnh cắt mất phần cuối danh sách thì độ phủ là ""Một phần"" với lý do ""Thiếu phần cuối"""
NDU-E03-10,NDU,NDU-E03,Phân tích thành phần,IngredientEngine,Phân loại cuối theo hồ sơ: 4 trạng thái mỗi chất; dẫn xuất và số E nguồn mơ hồ; ưu tiên recall,MVP,1,NDU-E03-08;NDU-E03-09,"Khi có ""E322"" không ghi nguồn thì đậu nành và trứng là ""Có thể có""; khi độ phủ chưa đủ thì màn tổng kết không có câu nào dạng ""không có"""
NDU-E03-11,NDU,NDU-E03,Phân tích thành phần,IngredientEngine,"Phân tích tăng dần cho chế độ live: debounce, ổn định hit giữa các frame",V1.1,1,NDU-E03-10,Khi rê camera qua nhãn thì một hit không bật/tắt quá 1 lần mỗi giây và độ trễ hiển thị ≤ 300 ms
NDU-E03-12,NDU,NDU-E03,Phân tích thành phần,IngredientEngine,"Tín hiệu nhấn mạnh: từ IN HOA trong danh sách chữ thường mà không có trong từ điển → ""Không chắc chắn"" ⚠",V1.1,1,NDU-E03-10,"Khi nhãn có một từ IN HOA lạ trong danh sách chữ thường thì kết quả hiện ""Từ được nhấn mạnh chưa nhận ra"""
NDU-E03-13,NDU,NDU-E03,Phân tích thành phần,IngredientEngine,Tín hiệu chữ in đậm từ ảnh (cách nhấn mạnh chất gây dị ứng theo Quy định 1169/2011 ⚠) 🧪,V2,2,NDU-E03-12,"Khi một từ in đậm không có trong từ điển thì kết quả hiện ở mức ""Không chắc chắn"" kèm vùng ảnh"
NDU-E04-01,NDU,NDU-E04,Từ điển & dữ liệu,Lexicon,"Schema JSON (mục chất × ngôn ngữ, số E, mẫu phủ định, ngữ pháp nhãn), mô hình Codable, loader dựng automaton, hiện phiên bản",MVP,1.5,,Khi nạp từ điển đóng gói thì dựng xong ≤ 150 ms trên iPhone 12 và phiên bản hiện trong Cài đặt; file sai schema bị từ chối
NDU-E04-02,NDU,NDU-E04,Từ điển & dữ liệu,lexicon-build,"CLI `Tools/lexicon-build`: nguồn YAML/CSV có người duyệt → JSON; kiểm tra schema, trùng, xung đột, đủ 14 chất × 9 ngôn ngữ, đủ người duyệt",MVP,2,NDU-E04-01,Khi thiếu một chất ở một ngôn ngữ hoặc một mục thiếu người duyệt thì CLI thoát với mã lỗi và in danh sách
NDU-E04-03,NDU,NDU-E04,Từ điển & dữ liệu,lexicon-build,"Sinh test từ nguồn (term có câu dương, loại trừ có câu âm), báo cáo rủi ro (term ngắn, va chạm chéo ngôn ngữ, láng giềng mờ), diff phiên bản",MVP,1,NDU-E04-02,Khi một term bị xóa so với bản trước thì diff ghi rõ và build fail nếu thay đổi chưa có 2 người duyệt
NDU-E04-04,NDU,NDU-E04,Từ điển & dữ liệu,Lexicon,"Cập nhật từ điển qua Apple-hosted Background Assets: kiểm schema, tự kiểm, không hạ phiên bản, lùi về bản đóng gói khi lỗi ⚠ 🧪",V1.1,3,NDU-E04-01;NDU-E10-04,Khi gói tải về sai schema hoặc trượt tự kiểm thì app dùng bản đóng gói và phiên bản hiển thị không đổi
NDU-E04-05,NDU,NDU-E04,Từ điển & dữ liệu,Lexicon,"Đọc nhãn tiếng Bồ Đào Nha và Ba Lan (ngữ pháp, cờ từ ghép, bộ vàng; từ điển là việc nội dung)",V2,1,NDU-E04-02,Khi chạy bộ vàng PT và PL thì đạt cùng ngưỡng cổng phát hành như 9 ngôn ngữ đầu
NDU-E04-06,NDU,NDU-E04,Từ điển & dữ liệu,Lexicon,"Tiếng Phần Lan: thử `VNRecognizeTextRequest` với FI, hoặc dựa vào khối tiếng Thụy Điển trên nhãn bán ở Phần Lan ⚠ 🧪",V2,1,NDU-E04-02,"Khi nhãn có khối tiếng Thụy Điển thì khối đó được phân tích; khi chỉ có tiếng Phần Lan thì app báo ""chưa hỗ trợ ngôn ngữ này"""
NDU-E05-01,NDU,NDU-E05,Kết quả & giải thích,ScanFeature,"Màn kết quả: tổng kết theo hồ sơ, chỉ báo độ phủ, 4 trạng thái, footer ""Công cụ hỗ trợ — luôn đọc lại nhãn""",MVP,1.5,NDU-E03-10;CORE-E13-01,"Khi mọi chất là ""Không thấy"" và độ phủ ""Đủ"" thì màn dùng màu trung tính, không có dấu tích xanh và không có chữ ""an toàn"""
NDU-E05-02,NDU,NDU-E05,Kết quả & giải thích,ScanFeature,"Overlay tô sáng trên ảnh và danh sách hit có lý do (chữ đọc được → mục từ điển → chất, loại hit, độ tin cậy)",MVP,1.5,NDU-E05-01,Khi chạm một hit thì ảnh phóng tới vùng chữ và hiện lý do; mọi hit đều có ít nhất một khung trên ảnh
NDU-E05-03,NDU,NDU-E05,Kết quả & giải thích,ScanFeature,"VoiceOver đọc kết quả theo thứ tự mức độ; haptic riêng cho ""Phát hiện"", ""Có thể có"", ""Không chắc chắn""",MVP,0.5,CORE-E09-02,Khi kết quả xuất hiện thì VoiceOver đọc câu tổng kết trước; mọi thông tin của haptic đều có ở dạng chữ
NDU-E05-04,NDU,NDU-E05,Kết quả & giải thích,ScanFeature,"Chia sẻ ảnh kết quả (ảnh, tô sáng, disclaimer, phiên bản từ điển, thời điểm)",V1.1,0.5,NDU-E05-02,"Khi chia sẻ thì ảnh xuất có dòng ""Công cụ hỗ trợ — luôn đọc lại nhãn"" và phiên bản từ điển"
NDU-E05-05,NDU,NDU-E05,Kết quả & giải thích,ScanFeature,"Overlay live ""Xem trước"" trên màn quét",V1.1,1.5,NDU-E03-11,"Khi đang ngắm thì hit hiện với nhãn ""Xem trước""; không có trạng thái ""Không thấy"" nào trước khi chốt"
NDU-E05-06,NDU,NDU-E05,Kết quả & giải thích,ExplainFeature,"Giải thích dễ hiểu bằng Foundation Models, neo vào mục từ điển, nhãn ""Do AI tạo"", lọc đầu ra ⚠",V1.1,3,CORE-E04-02;CORE-E13-01;NDU-E05-02,"Khi FM không khả dụng thì nút ẩn và lý do từ từ điển vẫn hiện; khi đầu ra chứa từ cấm (""safe"", ""sicher"", ""sûr""…) thì bị loại"
NDU-E06-01,NDU,NDU-E06,Thẻ dị ứng du lịch,AllergyCards,"Mô hình template và gói câu mẫu đã dịch, đã duyệt (14 chất, 4 chế độ ăn, 3 mức độ, câu cấp cứu) cho 9 ngôn ngữ; trình tạo thẻ song ngữ",MVP,1.5,NDU-E01-02;NDU-E01-03,Khi chọn ngôn ngữ đích IT thì thẻ dùng đúng câu mẫu IT đã duyệt kèm dòng dịch sang ngôn ngữ UI; không câu mẫu nào đi qua dịch máy
NDU-E06-02,NDU,NDU-E06,Thẻ dị ứng du lịch,AllergyCards,"Chế độ toàn màn hình offline (chữ lớn, tương phản cao, giữ màn hình sáng) và xuất PNG/PDF",MVP,1,CORE-E06-01;NDU-E06-01,Khi bật chế độ máy bay thì thẻ vẫn mở và xuất được; màn hình không tự tắt khi đang hiện thẻ
NDU-E06-03,NDU,NDU-E06,Thẻ dị ứng du lịch,AllergyCards,"Ghi chú tùy chỉnh dịch bằng Translation framework (`.translationTask`), nhãn ""Bản dịch máy, chưa kiểm tra""",MVP,1,NDU-E06-01,"Khi gói ngôn ngữ chưa tải và máy offline thì app báo rõ và vẫn hiện thẻ, không có ghi chú dịch"
NDU-E06-04,NDU,NDU-E06,Thẻ dị ứng du lịch,AllergenLensWidget,Widget và App Shortcut mở thẻ nhanh,V1.1,1.5,CORE-E11-01;NDU-E06-02,Khi chạm widget thì thẻ mở toàn màn hình trong ≤ 1 giây
NDU-E06-05,NDU,NDU-E06,Thẻ dị ứng du lịch,AllergyCards,"Thêm ngôn ngữ thẻ chỉ bằng dữ liệu (đề xuất PT, PL, FI, EL, HR ⚠)",V1.1,0.5,NDU-E06-01,Khi thêm file ngôn ngữ thẻ đã duyệt thì ngôn ngữ đó xuất hiện mà không phải sửa code
NDU-E06-06,NDU,NDU-E06,Thẻ dị ứng du lịch,AllergyCards,Thẻ Apple Wallet (cần server ký pass) ⚠,V2,3,NDU-E06-02,Khi thêm thẻ vào Wallet thì pass hiện đúng câu mẫu đã duyệt; khóa ký không nằm trong app
NDU-E07-01,NDU,NDU-E07,Lịch sử & sản phẩm đã lưu,HistoryFeature,"Lịch sử quét cục bộ: ảnh thu nhỏ, văn bản OCR, hit, độ phủ, phiên bản từ điển; danh sách, lọc, xóa",MVP,1.5,CORE-E05-01;CORE-E05-02;NDU-E08-01,Khi chưa có Plus thì chỉ xem lại được lần quét gần nhất; khi có Plus thì thấy toàn bộ lịch sử và xóa được từng mục
NDU-E07-02,NDU,NDU-E07,Lịch sử & sản phẩm đã lưu,HistoryFeature,"Lưu sản phẩm (tên, ảnh, ghi chú); luôn hiện ngày quét và nút ""Quét lại""",MVP,1,NDU-E07-01,"Khi mở sản phẩm đã lưu thì kết quả cũ hiện kèm ngày quét và lời nhắc ""công thức có thể đã đổi"""
NDU-E07-03,NDU,NDU-E07,Lịch sử & sản phẩm đã lưu,HistoryFeature,"Mã vạch chỉ làm khóa cục bộ (DataScanner `.barcode`), không tra cơ sở dữ liệu online",V1.1,1,NDU-E07-02,Khi quét mã vạch của sản phẩm đã lưu thì app mở sản phẩm đó và yêu cầu quét lại danh sách; không có request mạng
NDU-E07-04,NDU,NDU-E07,Lịch sử & sản phẩm đã lưu,HistoryFeature,Phân tích lại lịch sử khi từ điển đổi phiên bản; đánh dấu mục có kết quả thay đổi,V1.1,1.5,NDU-E07-01,"Khi từ điển mới thêm term khớp một sản phẩm đã lưu thì sản phẩm đó có nhãn ""Kết quả đã thay đổi"""
NDU-E07-05,NDU,NDU-E07,Lịch sử & sản phẩm đã lưu,HistoryFeature,Đưa sản phẩm đã lưu vào Spotlight (chỉ index trên máy),V2,1,CORE-E11-01;NDU-E07-02,Khi tìm tên sản phẩm trong Spotlight thì thấy sản phẩm và mở đúng màn
NDU-E08-01,NDU,NDU-E08,Paywall & gói,AllergenLens,"Sản phẩm `ndu.plus.yearly` (trial 7 ngày), StoreKit Configuration, ánh xạ quyền lợi `familyProfiles`, `travelCards`, `history`",MVP,1,CORE-E07-01,"Khi mua hoặc khôi phục thì 3 quyền lợi mở ngay; khi gói hết hạn thì dữ liệu còn nguyên, chỉ bị khóa xem, và quét vẫn dùng đầy đủ"
NDU-E08-02,NDU,NDU-E08,Paywall & gói,AllergenLens,"Paywall theo ngữ cảnh (hồ sơ thứ 2, thẻ, lịch sử), ưu đãi cuối onboarding, xem trước thẻ",MVP,1,CORE-E07-02;NDU-E08-01;CORE-E07-04,Khi đóng paywall thì người dùng về đúng chỗ cũ và quét vẫn dùng được; checklist paywall của kế hoạch đạt 100%
NDU-E08-03,NDU,NDU-E08,Paywall & gói,AllergenLens,"Offer code, win-back offer",V1.1,0.5,CORE-E07-03,Khi nhập offer code thì quyền lợi Plus kích hoạt
NDU-E08-04,NDU,NDU-E08,Paywall & gói,AllergenLens,Gói tháng hoặc gói trọn đời để thử nghiệm giá ⚠,V2,0.5,NDU-E08-01,Khi thêm sản phẩm mới thì ánh xạ quyền lợi và các màn bị khóa không phải sửa
NDU-E09-01,NDU,NDU-E09,Bản địa hóa & tuân thủ,AllergenLens,"String Catalog 7 locale UI (`en`, `en-GB`, `de`, `fr`, `it`, `es`, `nl`); tên chất lấy từ từ điển",MVP,0.5,CORE-E10-01,Khi chạy 7 locale ở cỡ chữ lớn nhất thì không có chuỗi cứng và không bị cắt chữ
NDU-E09-02,NDU,NDU-E09,Bản địa hóa & tuân thủ,AllergenLens,"Disclaimer theo ngữ cảnh, test chặn từ cấm (""safe"", ""an toàn"", ""sicher"", ""sûr""…), `PrivacyInfo.xcprivacy`, purpose string, Review Notes cho Guideline 1.4.1",MVP,1,CORE-E13-01,Khi String Catalog có từ cấm trong ngữ cảnh kết quả thì test fail
NDU-E09-03,NDU,NDU-E09,Bản địa hóa & tuân thủ,AllergenLens,"Rà soát accessibility: VoiceOver, Dynamic Type, tương phản, không dùng màu làm kênh duy nhất, Reduce Motion; khai Accessibility Nutrition Labels",MVP,1,CORE-E09-01;CORE-E09-02,Khi chỉ dùng VoiceOver thì hoàn tất được quét → kết quả → thẻ
NDU-E09-04,NDU,NDU-E09,Bản địa hóa & tuân thủ,(ci),Metadata fastlane và ảnh màn hình 7 locale,MVP,0.5,CORE-E01-03,"Khi chạy lane thì metadata 7 locale lên App Store Connect và không có câu hứa ""an toàn"""
NDU-E09-05,NDU,NDU-E09,Bản địa hóa & tuân thủ,AllergenLens,"UI đợt 2: `sv`, `da`, `nb`",V1.1,0.5,NDU-E09-01,"Khi đổi ngôn ngữ máy sang SV, DA hoặc NB thì toàn bộ UI hiện đúng ngôn ngữ"
NDU-E09-06,NDU,NDU-E09,Bản địa hóa & tuân thủ,AllergenLens,"UI đợt 3: `pl`, `fi`, `pt-PT`, `vi`",V2,0.5,NDU-E09-05,Khi đổi ngôn ngữ máy sang một trong 4 locale thì UI hiện đúng; nếu chưa đọc được nhãn ngôn ngữ đó thì app nói rõ
NDU-E10-01,NDU,NDU-E10,An toàn & chất lượng,SafetyBench,"Bộ văn bản an toàn và red-team chạy bằng Swift Testing (≥ 200 danh sách mỗi ngôn ngữ, có đáp án)",MVP,1,NDU-E03-10,"Khi chạy test thì recall ""Phát hiện hoặc Có thể có"" đạt 100% và có bảng theo chất × ngôn ngữ"
NDU-E10-02,NDU,NDU-E10,An toàn & chất lượng,SafetyBench,"Bộ ảnh vàng nhãn thật chấm qua `ocr-bench`: recall/precision theo chất × ngôn ngữ, đếm critical miss và lỗi ""Đủ"" sai",MVP,1,CORE-E12-02;NDU-E10-01,Khi chạy bench thì in bảng recall theo chất × ngôn ngữ và danh sách critical miss kèm ảnh
NDU-E10-03,NDU,NDU-E10,An toàn & chất lượng,(ci),"Cổng phát hành: chặn khi có critical miss, recall giảm, lỗi ""Đủ"" sai vượt ngưỡng hoặc test từ điển fail",MVP,0.5,CORE-E01-02;NDU-E10-02,Khi một PR làm xuất hiện critical miss thì workflow release fail
NDU-E10-04,NDU,NDU-E10,An toàn & chất lượng,Lexicon,"Tự kiểm lúc nạp từ điển (bộ câu kiểm tra cố định); trượt thì không cho trạng thái ""Không thấy""",MVP,0.5,NDU-E04-01,"Khi từ điển nạp bị hỏng thì mọi chất hiện ""Không chắc chắn"" và app báo lỗi rõ"
NDU-E10-05,NDU,NDU-E10,An toàn & chất lượng,ScanFeature,"""Báo bỏ sót / báo nhầm"": soạn email để người dùng tự gửi; ảnh chỉ đính kèm khi người dùng bật",MVP,0.5,NDU-E05-02,"Khi người dùng báo bỏ sót thì email có văn bản OCR, phiên bản từ điển và engine; không có gì được gửi nếu người dùng không bấm gửi"
NDU-E10-06,NDU,NDU-E10,An toàn & chất lượng,ScanFeature,"Lớp chẩn đoán nội bộ (dòng OCR, confidence, token, lý do) chỉ có trong build nội bộ",MVP,0.5,NDU-E05-02,Khi build App Store thì cờ `NDU_INTERNAL` tắt và lớp chẩn đoán không có trong binary
NDU-E10-07,NDU,NDU-E10,An toàn & chất lượng,SafetyBench,XCUITest luồng chính với ảnh tiêm vào pipeline và snapshot kết quả dạng JSON,MVP,1,CORE-E09-02;NDU-E05-01,Khi thay đổi engine làm đổi kết quả của ảnh mẫu thì diff snapshot hiện trong PR
NDU-E10-08,NDU,NDU-E10,An toàn & chất lượng,Lexicon,"Trang ""Có gì mới trong từ điển"" trong app",V1.1,0.5,NDU-E04-04,Khi từ điển đổi phiên bản thì trang liệt kê số term thêm/bớt theo chất
